Date, Time, Temperature (C), Humidity (%)
2020-08-03,20:00:00,23.66,46.47
2020-08-03,20:30:00,22.82,48.49
2020-08-03,21:00:00,22.90,49.46
2020-08-03,21:30:00,22.61,50.68
2020-08-03,22:00:00,22.16,50.82
2020-08-03,22:30:00,22.02,51.60
2020-08-03,23:00:00,22.05,51.24
2020-08-03,23:30:00,22.11,50.14
2020-08-04,00:00:00,21.98,49.38
2020-08-04,00:30:00,22.11,49.01
2020-08-04,01:00:00,21.94,50.53
2020-08-04,01:30:00,21.88,50.96
2020-08-04,02:00:00,21.95,49.33
2020-08-04,02:30:00,21.89,49.40
2020-08-04,03:00:00,21.77,49.59
2020-08-04,03:30:00,21.68,49.53
2020-08-04,04:00:00,21.51,49.94
2020-08-04,04:30:00,21.57,50.47
2020-08-04,05:00:00,21.48,50.62
2020-08-04,05:30:00,21.47,50.28
2020-08-04,06:00:00,21.40,49.66
2020-08-04,06:30:00,21.20,49.69
2020-08-04,07:00:00,21.07,49.96
2020-08-04,07:30:00,21.02,50.30
2020-08-04,08:00:00,21.03,48.92
2020-08-04,08:30:00,20.95,48.66
2020-08-04,09:00:00,20.61,48.41
2020-08-04,09:30:00,20.64,48.10
2020-08-04,10:00:00,21.18,48.93
2020-08-04,10:30:00,21.06,47.28
2020-08-04,11:00:00,21.22,45.41
2020-08-04,11:30:00,21.76,47.57
2020-08-04,12:00:00,21.52,47.12
2020-08-04,12:30:00,21.57,46.26
2020-08-04,13:00:00,21.99,42.63
2020-08-04,13:30:00,22.20,40.52
2020-08-04,14:00:00,22.44,39.14
2020-08-04,14:30:00,22.61,38.49
2020-08-04,15:00:00,22.95,37.00
2020-08-04,15:30:00,23.41,36.51
2020-08-04,16:00:00,24.04,36.31
2020-08-04,16:30:00,23.86,36.72
2020-08-04,17:00:00,23.50,38.36
2020-08-04,17:30:00,23.42,39.77
2020-08-04,18:00:00,23.42,41.28
2020-08-04,18:30:00,23.38,41.52
2020-08-04,19:00:00,23.13,41.21
2020-08-04,19:30:00,22.88,40.36
2020-08-04,20:00:00,22.75,38.75
2020-08-04,20:30:00,22.79,43.12
2020-08-04,21:00:00,22.76,46.35
2020-08-04,21:30:00,22.68,46.99
2020-08-04,22:00:00,22.50,49.53
2020-08-04,22:30:00,22.61,48.25
2020-08-04,23:00:00,22.34,47.81
2020-08-04,23:30:00,22.19,48.06
2020-08-05,00:00:00,21.94,47.84
2020-08-05,00:30:00,21.82,46.91
2020-08-05,01:00:00,21.70,47.91
2020-08-05,01:30:00,21.63,48.28
2020-08-05,02:00:00,21.52,48.68
2020-08-05,02:30:00,21.45,48.76
2020-08-05,03:00:00,21.31,49.02
2020-08-05,03:30:00,21.30,48.89
2020-08-05,04:00:00,21.24,49.02
2020-08-05,04:30:00,21.21,49.18
2020-08-05,05:00:00,20.99,49.51
2020-08-05,05:30:00,20.92,49.60
2020-08-05,06:00:00,20.93,49.67
2020-08-05,06:30:00,20.75,49.58
2020-08-05,07:00:00,20.71,49.63
2020-08-05,07:30:00,20.63,49.26
2020-08-05,08:00:00,20.69,49.33
2020-08-05,08:30:00,20.66,49.04
2020-08-05,09:00:00,20.70,49.03
2020-08-05,09:30:00,20.80,48.66
2020-08-05,10:00:00,20.92,47.31
2020-08-05,10:30:00,21.11,46.70
2020-08-05,11:00:00,21.14,46.70
2020-08-05,11:30:00,21.31,45.96
2020-08-05,12:00:00,21.52,44.66
2020-08-05,12:30:00,21.70,44.13
2020-08-05,13:00:00,21.90,44.74
2020-08-05,13:30:00,22.41,48.86
2020-08-05,14:00:00,22.53,41.20
2020-08-05,14:30:00,22.72,37.98
2020-08-05,15:00:00,22.82,38.25
2020-08-05,15:30:00,23.37,37.33
2020-08-05,16:00:00,23.77,36.34
2020-08-05,16:30:00,23.74,37.21
2020-08-05,17:00:00,23.49,38.83
2020-08-05,17:30:00,23.38,38.69
2020-08-05,18:00:00,23.28,40.20
2020-08-05,18:30:00,23.25,39.36
2020-08-05,19:00:00,23.20,38.72
2020-08-05,19:30:00,23.07,39.04
2020-08-05,20:00:00,23.03,38.30
2020-08-05,20:30:00,22.86,38.64
2020-08-05,21:00:00,22.83,41.65
2020-08-05,21:30:00,22.71,42.29
2020-08-05,22:00:00,22.48,43.53
2020-08-05,22:30:00,22.22,45.90
2020-08-05,23:00:00,22.17,46.65
2020-08-05,23:30:00,21.93,48.62
2020-08-06,00:00:00,21.77,49.77
2020-08-06,00:30:00,21.73,50.16
2020-08-06,01:00:00,21.62,50.71
2020-08-06,01:30:00,21.68,49.88
2020-08-06,02:00:00,21.52,50.00
2020-08-06,02:30:00,21.31,50.04
2020-08-06,03:00:00,21.36,48.12
2020-08-06,03:30:00,21.18,47.63
2020-08-06,04:00:00,21.17,47.05
2020-08-06,04:30:00,21.18,46.99
2020-08-06,05:00:00,20.98,47.32
2020-08-06,05:30:00,21.02,47.34
2020-08-06,06:00:00,20.83,47.45
2020-08-06,06:30:00,20.74,47.50
2020-08-06,07:00:00,20.68,46.91
2020-08-06,07:30:00,20.64,46.41
2020-08-06,08:00:00,20.69,45.88
2020-08-06,08:30:00,20.03,45.73
2020-08-06,09:00:00,20.24,45.49
2020-08-06,09:30:00,20.62,45.97
2020-08-06,10:00:00,20.94,47.10
2020-08-06,10:30:00,21.15,46.31
2020-08-06,11:00:00,21.32,46.32
2020-08-06,11:30:00,21.45,49.92
2020-08-06,12:00:00,21.61,50.80
2020-08-06,12:30:00,21.74,51.91
2020-08-06,13:00:00,22.16,44.52
2020-08-06,13:30:00,22.14,44.28
2020-08-06,14:00:00,22.21,41.36
2020-08-06,14:30:00,22.55,38.61
2020-08-06,15:00:00,22.85,39.04
2020-08-06,15:30:00,23.39,37.61
2020-08-06,16:00:00,24.14,37.52
2020-08-06,16:30:00,23.73,38.75
2020-08-06,17:00:00,23.26,39.86
2020-08-06,17:30:00,23.26,38.84
2020-08-06,18:00:00,23.07,39.37
2020-08-06,18:30:00,22.95,39.30
2020-08-06,19:00:00,22.82,38.62
2020-08-06,19:30:00,22.82,40.54
2020-08-06,20:00:00,22.88,40.92
2020-08-06,20:30:00,22.82,40.15
2020-08-06,21:00:00,22.69,39.59
2020-08-06,21:30:00,22.56,39.68
2020-08-06,22:00:00,22.40,40.55
2020-08-06,22:30:00,22.17,39.88
2020-08-06,23:00:00,22.02,41.16
2020-08-06,23:30:00,21.89,44.45
2020-08-07,00:00:00,21.89,44.96
2020-08-07,00:30:00,21.87,45.03
2020-08-07,01:00:00,21.76,45.40
2020-08-07,01:30:00,21.66,45.49
2020-08-07,02:00:00,21.66,45.29
2020-08-07,02:30:00,21.54,45.49
2020-08-07,03:00:00,21.55,45.74
2020-08-07,03:30:00,21.42,45.94
2020-08-07,04:00:00,21.35,45.53
2020-08-07,04:30:00,21.30,44.53
2020-08-07,05:00:00,21.18,44.24
2020-08-07,05:30:00,21.04,44.54
2020-08-07,06:00:00,20.90,44.70
2020-08-07,06:30:00,20.80,44.67
2020-08-07,07:00:00,20.73,45.01
2020-08-07,07:30:00,20.70,45.11
2020-08-07,08:00:00,20.66,45.53
2020-08-07,08:30:00,20.78,45.95
2020-08-07,09:00:00,20.70,47.30
2020-08-07,09:30:00,20.84,46.81
2020-08-07,10:00:00,20.93,46.79
2020-08-07,10:30:00,21.09,46.24
2020-08-07,11:00:00,21.24,44.67
2020-08-07,11:30:00,21.35,43.23
2020-08-07,12:00:00,21.50,41.74
2020-08-07,12:30:00,21.87,39.12
2020-08-07,13:00:00,22.11,37.15
2020-08-07,13:30:00,22.06,35.76
2020-08-07,14:00:00,22.46,32.44
2020-08-07,14:30:00,22.69,31.92
2020-08-07,15:00:00,22.98,31.07
2020-08-07,15:30:00,23.37,30.50
2020-08-07,16:00:00,23.92,29.51
2020-08-07,16:30:00,23.81,30.90
2020-08-07,17:00:00,23.39,32.62
2020-08-07,17:30:00,23.29,34.22
2020-08-07,18:00:00,23.17,34.27
2020-08-07,18:30:00,23.08,35.60
2020-08-07,19:00:00,23.00,35.79
2020-08-07,19:30:00,23.10,36.88
2020-08-07,20:00:00,22.95,36.63
2020-08-07,20:30:00,22.83,36.38
2020-08-07,21:00:00,22.75,37.93
2020-08-07,21:30:00,22.67,39.65
2020-08-07,22:00:00,22.56,40.51
2020-08-07,22:30:00,22.42,41.56
2020-08-07,23:00:00,22.35,43.00
2020-08-07,23:30:00,22.34,43.50
2020-08-08,00:00:00,22.19,42.97
2020-08-08,00:30:00,22.02,43.52
2020-08-08,01:00:00,21.91,44.06
2020-08-08,01:30:00,21.81,44.21
2020-08-08,02:00:00,21.74,44.41
2020-08-08,02:30:00,21.65,44.70
2020-08-08,03:00:00,21.59,44.64
2020-08-08,03:30:00,21.50,44.92
2020-08-08,04:00:00,21.39,44.96
2020-08-08,04:30:00,21.29,45.28
2020-08-08,05:00:00,21.20,45.45
2020-08-08,05:30:00,21.04,46.00
2020-08-08,06:00:00,20.99,46.54
2020-08-08,06:30:00,20.86,46.33
2020-08-08,07:00:00,20.93,45.05
2020-08-08,07:30:00,20.93,44.66
2020-08-08,08:00:00,20.93,44.29
2020-08-08,08:30:00,20.95,44.42
2020-08-08,09:00:00,21.05,44.06
2020-08-08,09:30:00,21.10,44.60
2020-08-08,10:00:00,21.31,44.66
2020-08-08,10:30:00,21.55,47.38
2020-08-08,11:00:00,21.68,45.59
2020-08-08,11:30:00,21.91,44.45
2020-08-08,12:00:00,21.84,44.89
2020-08-08,12:30:00,21.90,44.70
2020-08-08,13:00:00,21.97,44.42
2020-08-08,13:30:00,22.07,43.55
2020-08-08,14:00:00,22.07,42.56
2020-08-08,14:30:00,22.26,41.70
2020-08-08,15:00:00,22.56,40.52
2020-08-08,15:30:00,22.86,39.27
2020-08-08,16:00:00,23.17,38.65
2020-08-08,16:30:00,23.18,39.06
2020-08-08,17:00:00,23.01,40.11
2020-08-08,17:30:00,23.01,40.65
2020-08-08,18:00:00,23.01,40.93
2020-08-08,18:30:00,23.01,41.23
2020-08-08,19:00:00,23.23,43.13
2020-08-08,19:30:00,23.27,42.23
2020-08-08,20:00:00,23.35,41.24
2020-08-08,20:30:00,23.31,42.19
2020-08-08,21:00:00,23.13,41.30
2020-08-08,21:30:00,23.00,42.45
2020-08-08,22:00:00,22.88,42.08
2020-08-08,22:30:00,22.83,42.84
2020-08-08,23:00:00,22.79,43.29
2020-08-08,23:30:00,22.72,42.14
2020-08-09,00:00:00,22.63,42.20
2020-08-09,00:30:00,22.58,42.03
2020-08-09,01:00:00,22.54,42.48
2020-08-09,01:30:00,22.51,42.07
2020-08-09,02:00:00,22.32,42.35
2020-08-09,02:30:00,22.34,42.42
2020-08-09,03:00:00,22.33,42.36
2020-08-09,03:30:00,22.26,43.00
2020-08-09,04:00:00,22.14,43.10
2020-08-09,04:30:00,22.18,43.16
2020-08-09,05:00:00,22.07,43.39
2020-08-09,05:30:00,22.05,43.37
2020-08-09,06:00:00,21.97,43.50
2020-08-09,06:30:00,21.90,43.49
2020-08-09,07:00:00,21.87,43.56
2020-08-09,07:30:00,21.91,43.87
2020-08-09,08:00:00,21.85,44.27
2020-08-09,08:30:00,21.87,44.34
2020-08-09,09:00:00,21.95,44.53
2020-08-09,09:30:00,21.98,45.06
2020-08-09,10:00:00,22.09,45.04
2020-08-09,10:30:00,22.24,45.03
2020-08-09,11:00:00,22.47,44.69
2020-08-09,11:30:00,22.82,52.58
2020-08-09,12:00:00,22.93,42.54
2020-08-09,12:30:00,22.97,40.97
2020-08-09,13:00:00,23.08,40.65
2020-08-09,13:30:00,23.25,36.72
2020-08-09,14:00:00,23.24,36.30
2020-08-09,14:30:00,23.31,35.33
2020-08-09,15:00:00,23.50,36.24
2020-08-09,15:30:00,24.24,36.21
2020-08-09,16:00:00,24.90,36.66
2020-08-09,16:30:00,24.94,35.66
2020-08-09,17:00:00,24.90,37.35
2020-08-09,17:30:00,24.60,39.68
2020-08-09,18:00:00,24.45,41.51
2020-08-09,18:30:00,24.33,42.69
2020-08-09,19:00:00,24.23,41.10
2020-08-09,19:30:00,24.26,40.18
2020-08-09,20:00:00,24.18,38.54
2020-08-09,20:30:00,24.08,38.66
2020-08-09,21:00:00,24.03,38.82
2020-08-09,21:30:00,23.98,38.03
2020-08-09,22:00:00,23.85,37.50
2020-08-09,22:30:00,23.64,38.22
2020-08-09,23:00:00,23.52,38.33
2020-08-09,23:30:00,23.39,40.23
2020-08-10,00:00:00,23.20,40.62
2020-08-10,00:30:00,23.12,40.52
2020-08-10,01:00:00,23.01,40.87
2020-08-10,01:30:00,22.82,41.52
2020-08-10,02:00:00,22.64,41.18
2020-08-10,02:30:00,22.53,41.58
2020-08-10,03:00:00,22.50,41.41
2020-08-10,03:30:00,22.40,41.22
2020-08-10,04:00:00,22.26,41.62
2020-08-10,04:30:00,22.10,41.77
2020-08-10,05:00:00,21.99,42.11
2020-08-10,05:30:00,21.90,41.94
2020-08-10,06:00:00,21.81,41.26
2020-08-10,06:30:00,21.76,41.58
2020-08-10,07:00:00,21.61,41.66
2020-08-10,07:30:00,21.47,40.98
2020-08-10,08:00:00,21.31,41.27
2020-08-10,08:30:00,21.62,41.22
2020-08-10,09:00:00,22.11,40.56
2020-08-10,09:30:00,22.44,39.39
2020-08-10,10:00:00,22.68,38.84
2020-08-10,10:30:00,22.86,38.47
2020-08-10,11:00:00,23.09,38.04
2020-08-10,11:30:00,23.17,36.30
2020-08-10,12:00:00,23.53,34.45
2020-08-10,12:30:00,23.62,34.12
2020-08-10,13:00:00,23.84,32.72
2020-08-10,13:30:00,24.02,32.68
2020-08-10,14:00:00,24.18,32.12
2020-08-10,14:30:00,24.46,31.43
2020-08-10,15:00:00,24.82,30.96
2020-08-10,15:30:00,25.32,30.54
2020-08-10,16:00:00,25.90,29.75
2020-08-10,16:30:00,25.67,30.16
2020-08-10,17:00:00,25.37,31.65
2020-08-10,17:30:00,25.27,32.66
2020-08-10,18:00:00,25.20,34.32
2020-08-10,18:30:00,25.06,35.73
2020-08-10,19:00:00,25.27,41.94
2020-08-10,19:30:00,25.12,35.81
2020-08-10,20:00:00,25.02,32.86
2020-08-10,20:30:00,24.91,33.74
2020-08-10,21:00:00,24.82,33.69
2020-08-10,21:30:00,24.72,34.96
2020-08-10,22:00:00,24.69,34.63
2020-08-10,22:30:00,24.72,34.00
2020-08-10,23:00:00,24.54,33.41
2020-08-10,23:30:00,24.11,34.36
2020-08-11,00:00:00,24.38,35.00
2020-08-11,00:30:00,24.32,35.66
2020-08-11,01:00:00,24.25,35.88
2020-08-11,01:30:00,24.18,35.83
2020-08-11,02:00:00,24.17,35.71
2020-08-11,02:30:00,24.09,36.55
2020-08-11,03:00:00,23.65,37.82
2020-08-11,03:30:00,23.43,38.30
2020-08-11,04:00:00,23.55,38.26
2020-08-11,04:30:00,23.80,39.60
2020-08-11,05:00:00,23.87,40.55
2020-08-11,05:30:00,23.85,41.27
2020-08-11,06:00:00,23.86,41.65
2020-08-11,06:30:00,23.89,42.14
2020-08-11,07:00:00,23.95,41.74
2020-08-11,07:30:00,23.87,41.27
2020-08-11,08:00:00,23.87,42.54
2020-08-11,08:30:00,23.64,41.37
2020-08-11,09:00:00,23.61,40.35
2020-08-11,09:30:00,23.80,45.31
2020-08-11,10:00:00,23.82,44.71
2020-08-11,10:30:00,23.84,43.65
2020-08-11,11:00:00,23.96,42.93
2020-08-11,11:30:00,23.98,41.58
2020-08-11,12:00:00,24.17,41.91
2020-08-11,12:30:00,24.19,42.48
2020-08-11,13:00:00,24.42,38.04
2020-08-11,13:30:00,24.75,37.42
2020-08-11,14:00:00,24.90,37.14
2020-08-11,14:30:00,25.17,35.02
2020-08-11,15:00:00,25.21,35.39
2020-08-11,15:30:00,25.50,34.64
2020-08-11,16:00:00,25.95,34.28
2020-08-11,16:30:00,25.83,34.48
2020-08-11,17:00:00,25.61,36.77
2020-08-11,17:30:00,25.54,37.12
2020-08-11,18:00:00,25.49,39.23
2020-08-11,18:30:00,25.47,39.47
2020-08-11,19:00:00,25.47,38.65
2020-08-11,19:30:00,25.31,37.41
2020-08-11,20:00:00,25.13,36.43
2020-08-11,20:30:00,25.09,37.33
2020-08-11,21:00:00,24.99,36.34
2020-08-11,21:30:00,24.86,37.56
2020-08-11,22:00:00,25.00,38.11
2020-08-11,22:30:00,24.86,38.75
2020-08-11,23:00:00,24.31,37.11
2020-08-11,23:30:00,24.56,38.38
2020-08-12,00:00:00,24.40,37.29
2020-08-12,00:30:00,24.35,37.35
2020-08-12,01:00:00,24.32,37.68
2020-08-12,01:30:00,24.25,38.13
2020-08-12,02:00:00,24.26,38.14
2020-08-12,02:30:00,24.12,38.24
2020-08-12,03:00:00,24.10,38.15
2020-08-12,03:30:00,24.03,38.08
2020-08-12,04:00:00,23.80,38.22
2020-08-12,04:30:00,23.83,38.13
2020-08-12,05:00:00,23.59,38.78
2020-08-12,05:30:00,23.51,39.14
2020-08-12,06:00:00,23.88,39.61
2020-08-12,06:30:00,23.92,40.16
2020-08-12,07:00:00,23.84,39.39
2020-08-12,07:30:00,23.80,39.10
2020-08-12,08:00:00,23.66,39.44
2020-08-12,08:30:00,23.75,39.94
2020-08-12,09:00:00,23.53,39.76
2020-08-12,09:30:00,23.65,39.25
2020-08-12,10:00:00,23.90,38.93
2020-08-12,10:30:00,24.05,38.54
2020-08-12,11:00:00,24.28,36.95
2020-08-12,11:30:00,24.25,37.66
2020-08-12,12:00:00,24.42,36.07
2020-08-12,12:30:00,24.51,37.55
2020-08-12,13:00:00,24.63,37.18
2020-08-12,13:30:00,24.98,35.85
2020-08-12,14:00:00,25.44,34.12
2020-08-12,14:30:00,25.53,33.81
2020-08-12,15:00:00,25.93,34.95
2020-08-12,15:30:00,25.90,36.37
2020-08-12,16:00:00,26.21,35.35
2020-08-12,16:30:00,26.21,35.02
2020-08-12,17:00:00,26.10,35.68
2020-08-12,17:30:00,26.02,36.10
2020-08-12,18:00:00,26.26,37.01
2020-08-12,18:30:00,26.03,37.83
2020-08-12,19:00:00,26.04,37.64
2020-08-12,19:30:00,26.03,37.97
2020-08-12,20:00:00,25.96,38.98
2020-08-12,20:30:00,26.02,40.06
2020-08-12,21:00:00,26.01,36.99
2020-08-12,21:30:00,25.93,35.58
2020-08-12,22:00:00,25.51,35.46
2020-08-12,22:30:00,25.45,36.76
2020-08-12,23:00:00,25.45,36.84
2020-08-12,23:30:00,25.47,37.15
2020-08-13,00:00:00,25.50,37.42
2020-08-13,00:30:00,25.36,38.04
2020-08-13,01:00:00,25.35,38.56
2020-08-13,01:30:00,25.16,38.65
2020-08-13,02:00:00,24.76,38.12
2020-08-13,02:30:00,24.62,38.01
2020-08-13,03:00:00,24.90,37.69
2020-08-13,03:30:00,25.03,38.19
2020-08-13,04:00:00,24.95,38.39
2020-08-13,04:30:00,24.89,37.87
2020-08-13,05:00:00,24.74,38.70
2020-08-13,05:30:00,24.78,38.54
2020-08-13,06:00:00,24.63,38.47
2020-08-13,06:30:00,24.40,38.78
2020-08-13,07:00:00,24.59,38.56
2020-08-13,07:30:00,24.68,38.72
2020-08-13,08:00:00,24.61,39.36
2020-08-13,08:30:00,24.59,40.70
2020-08-13,09:00:00,24.69,41.58
2020-08-13,09:30:00,24.78,41.71
2020-08-13,10:00:00,24.92,41.55
2020-08-13,10:30:00,25.05,41.27
2020-08-13,11:00:00,25.21,40.91
2020-08-13,11:30:00,25.37,39.75
2020-08-13,12:00:00,25.52,39.39
2020-08-13,12:30:00,25.79,37.03
2020-08-13,13:00:00,26.01,37.25
2020-08-13,13:30:00,26.09,37.27
2020-08-13,14:00:00,26.32,36.25
2020-08-13,14:30:00,26.61,35.60
2020-08-13,15:00:00,26.90,35.81
2020-08-13,15:30:00,27.12,37.64
2020-08-13,16:00:00,27.22,35.42
2020-08-13,16:30:00,27.21,37.20
2020-08-13,17:00:00,26.90,38.75
2020-08-13,17:30:00,26.83,39.14
2020-08-13,18:00:00,26.79,39.64
2020-08-13,18:30:00,26.76,40.03
2020-08-13,19:00:00,26.75,40.29
2020-08-13,19:30:00,26.68,41.48
2020-08-13,20:00:00,26.65,41.92
2020-08-13,20:30:00,26.69,42.26
2020-08-13,21:00:00,26.71,42.06
2020-08-13,21:30:00,26.56,43.06
2020-08-13,22:00:00,26.35,42.52
2020-08-13,22:30:00,26.30,42.64
2020-08-13,23:00:00,26.18,41.82
2020-08-13,23:30:00,26.15,41.63
2020-08-14,00:00:00,26.13,41.86
2020-08-14,00:30:00,25.92,42.09
2020-08-14,01:00:00,25.89,41.88
2020-08-14,01:30:00,25.73,42.31
2020-08-14,02:00:00,25.43,43.21
2020-08-14,02:30:00,25.32,43.78
2020-08-14,03:00:00,25.48,43.31
2020-08-14,03:30:00,25.30,43.28
2020-08-14,04:00:00,24.97,43.70
2020-08-14,04:30:00,25.19,42.91
2020-08-14,05:00:00,25.17,42.89
2020-08-14,05:30:00,25.15,43.24
2020-08-14,06:00:00,24.94,42.81
2020-08-14,06:30:00,24.94,42.83
2020-08-14,07:00:00,24.72,43.44
2020-08-14,07:30:00,25.03,42.91
2020-08-14,08:00:00,25.21,42.90
2020-08-14,08:30:00,25.28,43.75
2020-08-14,09:00:00,25.37,44.32
2020-08-14,09:30:00,25.31,44.72
2020-08-14,10:00:00,25.43,45.38
2020-08-14,10:30:00,25.48,45.19
2020-08-14,11:00:00,25.69,44.00
2020-08-14,11:30:00,25.89,42.35
2020-08-14,12:00:00,26.03,42.12
2020-08-14,12:30:00,26.18,41.44
2020-08-14,13:00:00,26.28,41.58
2020-08-14,13:30:00,26.49,40.97
2020-08-14,14:00:00,26.71,40.42
2020-08-14,14:30:00,26.86,40.47
2020-08-14,15:00:00,27.14,40.07
2020-08-14,15:30:00,27.44,39.97
2020-08-14,16:00:00,27.67,39.07
2020-08-14,16:30:00,27.79,38.44
2020-08-14,17:00:00,27.79,38.15
2020-08-14,17:30:00,27.89,37.59
2020-08-14,18:00:00,27.79,38.60
2020-08-14,18:30:00,27.87,39.68
2020-08-14,19:00:00,27.78,41.44
2020-08-14,19:30:00,27.72,41.70
2020-08-14,20:00:00,27.72,42.97
2020-08-14,20:30:00,27.66,41.99
2020-08-14,21:00:00,27.41,41.68
2020-08-14,21:30:00,27.10,41.69
2020-08-14,22:00:00,26.92,42.36
2020-08-14,22:30:00,26.87,42.77
2020-08-14,23:00:00,26.77,43.14
2020-08-14,23:30:00,26.64,43.06
2020-08-15,00:00:00,26.64,44.38
2020-08-15,00:30:00,26.47,45.43
2020-08-15,01:00:00,26.43,44.59
2020-08-15,01:30:00,26.16,44.83
2020-08-15,02:00:00,26.02,45.24
2020-08-15,02:30:00,25.86,45.17
2020-08-15,03:00:00,25.80,44.80
2020-08-15,03:30:00,25.67,44.45
2020-08-15,04:00:00,25.61,44.58
2020-08-15,04:30:00,25.79,43.95
2020-08-15,05:00:00,25.53,44.45
2020-08-15,05:30:00,25.60,44.18
2020-08-15,06:00:00,25.19,45.12
2020-08-15,06:30:00,25.42,44.84
2020-08-15,07:00:00,25.47,44.76
2020-08-15,07:30:00,25.23,45.33
2020-08-15,08:00:00,25.24,45.19
2020-08-15,08:30:00,25.23,45.35
2020-08-15,09:00:00,25.43,44.67
2020-08-15,09:30:00,25.78,44.20
2020-08-15,10:00:00,25.93,43.10
2020-08-15,10:30:00,25.98,43.50
2020-08-15,11:00:00,26.16,45.71
2020-08-15,11:30:00,26.31,44.32
2020-08-15,12:00:00,26.48,43.49
2020-08-15,12:30:00,26.51,42.53
2020-08-15,13:00:00,26.78,44.13
2020-08-15,13:30:00,26.90,44.00
2020-08-15,14:00:00,27.07,43.58
2020-08-15,14:30:00,27.31,45.86
2020-08-15,15:00:00,27.36,46.38
2020-08-15,15:30:00,27.45,46.44
2020-08-15,16:00:00,27.66,47.77
2020-08-15,16:30:00,27.31,48.91
2020-08-15,17:00:00,27.32,48.29
2020-08-15,17:30:00,27.19,48.42
2020-08-15,18:00:00,26.85,49.11
2020-08-15,18:30:00,26.54,50.07
2020-08-15,19:00:00,26.35,50.46
2020-08-15,19:30:00,26.07,50.93
2020-08-15,20:00:00,25.83,51.49
2020-08-15,20:30:00,25.67,51.30
2020-08-15,21:00:00,25.46,51.59
2020-08-15,21:30:00,25.24,52.13
2020-08-15,22:00:00,24.99,52.67
2020-08-15,22:30:00,24.93,52.98
2020-08-15,23:00:00,24.86,53.04
2020-08-15,23:30:00,24.76,53.39
2020-08-16,00:00:00,24.61,53.56
2020-08-16,00:30:00,24.43,54.36
2020-08-16,01:00:00,24.40,54.11
2020-08-16,01:30:00,24.34,53.94
2020-08-16,02:00:00,24.43,53.32
2020-08-16,02:30:00,24.41,52.92
2020-08-16,03:00:00,24.31,53.92
2020-08-16,03:30:00,24.10,54.55
2020-08-16,04:00:00,23.98,54.92
2020-08-16,04:30:00,23.94,54.35
2020-08-16,05:00:00,23.86,54.49
2020-08-16,05:30:00,23.91,54.64
2020-08-16,06:00:00,23.55,55.76
2020-08-16,06:30:00,23.53,56.04
2020-08-16,07:00:00,23.60,55.65
2020-08-16,07:30:00,23.51,56.16
2020-08-16,08:00:00,23.43,56.33
2020-08-16,08:30:00,23.56,56.21
2020-08-16,09:00:00,23.40,56.61
2020-08-16,09:30:00,23.22,58.87
2020-08-16,10:00:00,22.97,61.76
2020-08-16,10:30:00,23.22,61.53
2020-08-16,11:00:00,23.54,60.05
2020-08-16,11:30:00,23.82,58.47
2020-08-16,12:00:00,23.96,57.51
2020-08-16,12:30:00,23.98,57.33
2020-08-16,13:00:00,24.05,56.21
2020-08-16,13:30:00,24.09,55.85
2020-08-16,14:00:00,24.25,55.37
2020-08-16,14:30:00,24.32,54.85
2020-08-16,15:00:00,24.42,55.22
2020-08-16,15:30:00,24.53,54.46
2020-08-16,16:00:00,24.49,54.11
2020-08-16,16:30:00,24.34,54.56
2020-08-16,17:00:00,24.36,53.71
2020-08-16,17:30:00,24.35,53.97
2020-08-16,18:00:00,24.32,53.83
2020-08-16,18:30:00,24.21,56.03
2020-08-16,19:00:00,24.15,57.32
2020-08-16,19:30:00,24.11,57.22
2020-08-16,20:00:00,24.11,56.64
2020-08-16,20:30:00,24.17,55.95
2020-08-16,21:00:00,24.13,56.80
2020-08-16,21:30:00,23.99,58.21
2020-08-16,22:00:00,24.27,56.84
2020-08-16,22:30:00,24.25,57.78
2020-08-16,23:00:00,24.21,57.36
2020-08-16,23:30:00,24.27,57.04
2020-08-17,00:00:00,24.27,56.34
2020-08-17,00:30:00,23.99,56.99
2020-08-17,01:00:00,24.01,56.66
2020-08-17,01:30:00,23.91,56.11
2020-08-17,02:00:00,23.87,55.35
2020-08-17,02:30:00,23.85,54.85
2020-08-17,03:00:00,23.96,54.46
2020-08-17,03:30:00,24.00,53.80
2020-08-17,04:00:00,23.99,54.10
2020-08-17,04:30:00,23.90,56.01
2020-08-17,05:00:00,23.45,60.25
2020-08-17,05:30:00,23.26,61.15
2020-08-17,06:00:00,22.83,63.63
2020-08-17,06:30:00,21.95,65.69
2020-08-17,07:00:00,22.53,62.79
2020-08-17,07:30:00,21.93,65.53
2020-08-17,08:00:00,22.54,63.00
2020-08-17,08:30:00,22.35,64.36
2020-08-17,09:00:00,22.55,63.85
2020-08-17,09:30:00,22.29,66.64
2020-08-17,10:00:00,22.21,66.56
2020-08-17,10:30:00,22.07,66.34
2020-08-17,11:00:00,22.83,62.08
2020-08-17,11:30:00,22.93,62.17
2020-08-17,12:00:00,23.02,61.76
2020-08-17,12:30:00,23.03,61.24
2020-08-17,13:00:00,23.36,62.08
2020-08-17,13:30:00,23.37,61.41
2020-08-17,14:00:00,23.41,61.38
2020-08-17,14:30:00,23.31,61.44
2020-08-17,15:00:00,22.62,66.96
2020-08-17,15:30:00,22.38,67.16
2020-08-17,16:00:00,22.16,68.08
2020-08-17,16:30:00,22.48,66.11
2020-08-17,17:00:00,22.40,65.73
2020-08-17,17:30:00,22.86,62.77
2020-08-17,18:00:00,22.75,65.62
2020-08-17,18:30:00,22.90,64.12
2020-08-17,19:00:00,23.05,63.74
2020-08-17,19:30:00,22.95,64.57
2020-08-17,20:00:00,22.88,64.82
2020-08-17,20:30:00,22.82,65.53
2020-08-17,21:00:00,22.55,65.47
2020-08-17,21:30:00,22.56,65.27
2020-08-17,22:00:00,22.53,64.57
2020-08-17,22:30:00,22.53,64.05
2020-08-17,23:00:00,22.46,64.18
2020-08-17,23:30:00,22.41,64.34
2020-08-18,00:00:00,22.39,63.74
2020-08-18,00:30:00,22.49,63.67
2020-08-18,01:00:00,22.35,63.76
2020-08-18,01:30:00,22.28,63.95
2020-08-18,02:00:00,22.09,64.39
2020-08-18,02:30:00,21.84,65.22
2020-08-18,03:00:00,21.99,63.65
2020-08-18,03:30:00,21.94,63.66
2020-08-18,04:00:00,21.98,63.61
2020-08-18,04:30:00,21.93,63.64
2020-08-18,05:00:00,21.92,63.62
2020-08-18,05:30:00,21.78,64.56
2020-08-18,06:00:00,21.76,64.69
2020-08-18,06:30:00,21.43,65.88
2020-08-18,07:00:00,21.74,64.11
2020-08-18,07:30:00,21.57,65.64
2020-08-18,08:00:00,21.62,65.11
2020-08-18,08:30:00,21.67,64.99
2020-08-18,09:00:00,21.65,65.38
2020-08-18,09:30:00,21.38,67.67
2020-08-18,10:00:00,21.31,68.18
2020-08-18,10:30:00,21.07,68.68
2020-08-18,11:00:00,21.35,68.17
2020-08-18,11:30:00,21.42,67.40
2020-08-18,12:00:00,21.47,67.49
2020-08-18,12:30:00,21.72,71.16
2020-08-18,13:00:00,21.67,69.15
2020-08-18,13:30:00,21.54,70.24
2020-08-18,14:00:00,21.53,69.77
2020-08-18,14:30:00,21.66,67.77
2020-08-18,15:00:00,21.75,68.50
2020-08-18,15:30:00,21.92,67.65
2020-08-18,16:00:00,21.88,67.57
2020-08-18,16:30:00,22.10,66.22
2020-08-18,17:00:00,22.22,66.14
2020-08-18,17:30:00,21.97,66.79
2020-08-18,18:00:00,21.82,66.97
2020-08-18,18:30:00,21.93,66.58
2020-08-18,19:00:00,21.93,65.98
2020-08-18,19:30:00,21.96,65.37
2020-08-18,20:00:00,21.94,65.24
2020-08-18,20:30:00,21.98,65.35
2020-08-18,21:00:00,21.95,65.81
2020-08-18,21:30:00,21.98,66.06
2020-08-18,22:00:00,21.93,65.72
2020-08-18,22:30:00,22.01,65.27
2020-08-18,23:00:00,21.63,67.33
2020-08-18,23:30:00,21.69,66.62
2020-08-19,00:00:00,21.36,68.97
2020-08-19,00:30:00,21.37,69.53
2020-08-19,01:00:00,21.32,69.39
2020-08-19,01:30:00,21.30,69.23
2020-08-19,02:00:00,21.23,69.55
2020-08-19,02:30:00,21.24,69.25
2020-08-19,03:00:00,21.18,69.68
2020-08-19,03:30:00,21.06,70.15
2020-08-19,04:00:00,21.03,70.24
2020-08-19,04:30:00,21.14,68.54
2020-08-19,05:00:00,20.88,69.74
2020-08-19,05:30:00,20.96,68.77
2020-08-19,06:00:00,21.07,67.15
2020-08-19,06:30:00,20.87,68.39
2020-08-19,07:00:00,20.91,67.71
2020-08-19,07:30:00,20.96,67.23
2020-08-19,08:00:00,21.05,67.20
2020-08-19,08:30:00,21.18,66.34
2020-08-19,09:00:00,21.33,68.36
2020-08-19,09:30:00,21.48,67.33
2020-08-19,10:00:00,21.74,67.77
2020-08-19,10:30:00,22.09,69.23
2020-08-19,11:00:00,22.39,69.41
2020-08-19,11:30:00,22.56,65.87
2020-08-19,12:00:00,22.77,66.46
2020-08-19,12:30:00,23.00,63.99
2020-08-19,13:00:00,23.20,63.02
2020-08-19,13:30:00,23.57,63.72
2020-08-19,14:00:00,23.82,63.99
2020-08-19,14:30:00,24.23,64.03
2020-08-19,15:00:00,24.38,63.22
2020-08-19,15:30:00,24.65,62.66
2020-08-19,16:00:00,25.03,61.34
2020-08-19,16:30:00,25.03,61.57
2020-08-19,17:00:00,24.84,62.35
2020-08-19,17:30:00,24.69,63.19
2020-08-19,18:00:00,24.66,63.72
2020-08-19,18:30:00,24.43,63.94
2020-08-19,19:00:00,24.02,64.18
2020-08-19,19:30:00,24.35,62.62
2020-08-19,20:00:00,24.28,62.44
2020-08-19,20:30:00,24.02,63.31
2020-08-19,21:00:00,23.87,63.36
2020-08-19,21:30:00,23.47,64.49
2020-08-19,22:00:00,23.57,63.78
2020-08-19,22:30:00,23.31,64.79
2020-08-19,23:00:00,23.45,63.73
2020-08-19,23:30:00,23.31,63.79
2020-08-20,00:00:00,23.03,64.30
2020-08-20,00:30:00,23.12,62.78
2020-08-20,01:00:00,22.97,62.24
2020-08-20,01:30:00,22.72,62.31
2020-08-20,02:00:00,22.64,62.23
2020-08-20,02:30:00,22.35,62.33
2020-08-20,03:00:00,22.23,62.07
2020-08-20,03:30:00,22.21,61.64
2020-08-20,04:00:00,22.14,61.57
2020-08-20,04:30:00,22.32,60.84
2020-08-20,05:00:00,22.10,60.49
2020-08-20,05:30:00,22.12,60.09
2020-08-20,06:00:00,21.69,58.19
2020-08-20,06:30:00,21.28,58.63
2020-08-20,07:00:00,21.20,59.98
2020-08-20,07:30:00,21.47,59.93
2020-08-20,08:00:00,21.54,60.16
2020-08-20,08:30:00,21.34,60.95
2020-08-20,09:00:00,21.34,61.57
2020-08-20,09:30:00,21.77,60.43
2020-08-20,10:00:00,21.99,59.60
2020-08-20,10:30:00,22.04,59.59
2020-08-20,11:00:00,22.08,59.23
2020-08-20,11:30:00,22.01,59.21
2020-08-20,12:00:00,22.12,58.61
2020-08-20,12:30:00,22.33,57.78
2020-08-20,13:00:00,22.31,56.87
2020-08-20,13:30:00,22.18,57.23
2020-08-20,14:00:00,22.22,57.64
2020-08-20,14:30:00,22.13,57.81
2020-08-20,15:00:00,22.12,57.77
2020-08-20,15:30:00,22.10,57.82
2020-08-20,16:00:00,22.03,58.04
2020-08-20,16:30:00,21.96,57.47
2020-08-20,17:00:00,21.93,57.51
2020-08-20,17:30:00,21.87,57.59
2020-08-20,18:00:00,21.92,57.49
2020-08-20,18:30:00,21.91,57.21
2020-08-20,19:00:00,21.82,57.07
2020-08-20,19:30:00,21.59,56.60
2020-08-20,20:00:00,21.22,56.67
2020-08-20,20:30:00,21.10,56.49
2020-08-20,21:00:00,21.06,56.33
2020-08-20,21:30:00,20.87,56.56
2020-08-20,22:00:00,20.92,55.67
2020-08-20,22:30:00,20.84,55.33
2020-08-20,23:00:00,20.61,55.49
2020-08-20,23:30:00,20.55,55.32
2020-08-21,00:00:00,20.89,55.18
2020-08-21,00:30:00,20.93,55.26
2020-08-21,01:00:00,20.85,55.16
2020-08-21,01:30:00,20.85,55.36
2020-08-21,02:00:00,20.79,55.05
2020-08-21,02:30:00,20.74,55.04
2020-08-21,03:00:00,20.72,54.96
2020-08-21,03:30:00,20.65,55.13
2020-08-21,04:00:00,20.41,55.01
2020-08-21,04:30:00,20.53,54.62
2020-08-21,05:00:00,20.55,54.43
2020-08-21,05:30:00,20.36,54.62
2020-08-21,06:00:00,20.31,54.80
2020-08-21,06:30:00,20.25,55.30
2020-08-21,07:00:00,20.24,55.86
2020-08-21,07:30:00,20.21,56.08
2020-08-21,08:00:00,20.11,56.29
2020-08-21,08:30:00,19.55,57.88
2020-08-21,09:00:00,19.01,59.94
2020-08-21,09:30:00,19.33,58.51
2020-08-21,10:00:00,19.54,57.91
2020-08-21,10:30:00,20.15,57.22
2020-08-21,11:00:00,20.50,63.00
2020-08-21,11:30:00,19.72,62.21
2020-08-21,12:00:00,20.12,59.69
2020-08-21,12:30:00,20.12,58.85
2020-08-21,13:00:00,19.97,57.98
2020-08-21,13:30:00,19.87,57.48
2020-08-21,14:00:00,19.76,57.25
2020-08-21,14:30:00,19.63,56.50
2020-08-21,15:00:00,19.41,55.74
2020-08-21,15:30:00,18.95,56.11
2020-08-21,16:00:00,18.56,55.90
2020-08-21,16:30:00,18.84,55.05
2020-08-21,17:00:00,18.69,54.36
2020-08-21,17:30:00,19.26,54.41
2020-08-21,18:00:00,19.33,54.86
2020-08-21,18:30:00,19.33,54.49
2020-08-21,19:00:00,19.25,54.70
2020-08-21,19:30:00,19.39,54.51
2020-08-21,20:00:00,19.36,54.65
2020-08-21,20:30:00,19.30,54.39
2020-08-21,21:00:00,19.24,54.49
2020-08-21,21:30:00,19.14,54.38
2020-08-21,22:00:00,19.17,54.17
2020-08-21,22:30:00,19.21,55.83
2020-08-21,23:00:00,19.15,55.28
2020-08-21,23:30:00,19.06,54.59
2020-08-22,00:00:00,19.06,54.52
2020-08-22,00:30:00,18.94,54.31
2020-08-22,01:00:00,18.81,54.09
2020-08-22,01:30:00,18.63,54.02
2020-08-22,02:00:00,18.50,54.15
2020-08-22,02:30:00,18.38,54.23
2020-08-22,03:00:00,18.30,54.34
2020-08-22,03:30:00,18.26,54.42
2020-08-22,04:00:00,18.19,54.57
2020-08-22,04:30:00,18.04,54.85
2020-08-22,05:00:00,17.99,54.79
2020-08-22,05:30:00,17.92,54.82
2020-08-22,06:00:00,17.85,54.95
2020-08-22,06:30:00,17.77,55.08
2020-08-22,07:00:00,17.74,55.00
2020-08-22,07:30:00,17.62,55.13
2020-08-22,08:00:00,17.59,55.10
2020-08-22,08:30:00,17.62,55.10
2020-08-22,09:00:00,17.64,55.10
2020-08-22,09:30:00,17.68,54.86
2020-08-22,10:00:00,17.47,56.84
2020-08-22,10:30:00,17.38,56.85
2020-08-22,11:00:00,17.60,56.96
2020-08-22,11:30:00,17.63,57.67
2020-08-22,12:00:00,17.92,56.25
2020-08-22,12:30:00,17.93,56.08
2020-08-22,13:00:00,17.99,56.35
2020-08-22,13:30:00,18.03,56.86
2020-08-22,14:00:00,18.19,56.81
2020-08-22,14:30:00,18.18,56.61
2020-08-22,15:00:00,18.44,55.93
2020-08-22,15:30:00,18.69,55.67
2020-08-22,16:00:00,19.06,55.77
2020-08-22,16:30:00,19.36,53.78
2020-08-22,17:00:00,19.15,53.82
2020-08-22,17:30:00,18.66,54.88
2020-08-22,18:00:00,18.36,55.58
2020-08-22,18:30:00,18.19,55.71
2020-08-22,19:00:00,17.85,55.74
2020-08-22,19:30:00,17.73,55.59
2020-08-22,20:00:00,18.20,53.87
2020-08-22,20:30:00,18.13,54.32
2020-08-22,21:00:00,18.14,53.35
2020-08-22,21:30:00,18.17,54.64
2020-08-22,22:00:00,18.08,53.71
2020-08-22,22:30:00,17.98,52.62
2020-08-22,23:00:00,17.95,52.62
2020-08-22,23:30:00,17.92,52.94
2020-08-23,00:00:00,17.88,53.05
2020-08-23,00:30:00,17.84,53.23
2020-08-23,01:00:00,17.81,53.73
2020-08-23,01:30:00,17.74,53.89
2020-08-23,02:00:00,17.74,54.09
2020-08-23,02:30:00,17.74,54.22
2020-08-23,03:00:00,17.67,54.29
2020-08-23,03:30:00,17.63,54.00
2020-08-23,04:00:00,17.56,53.41
2020-08-23,04:30:00,17.53,53.14
2020-08-23,05:00:00,17.49,52.75
2020-08-23,05:30:00,17.45,52.56
2020-08-23,06:00:00,17.45,52.59
2020-08-23,06:30:00,17.34,52.48
2020-08-23,07:00:00,17.28,52.54
2020-08-23,07:30:00,17.25,52.33
2020-08-23,08:00:00,17.22,52.58
2020-08-23,08:30:00,17.26,52.80
2020-08-23,09:00:00,17.25,52.86
2020-08-23,09:30:00,17.24,52.82
2020-08-23,10:00:00,17.29,52.70
2020-08-23,10:30:00,17.34,52.72
2020-08-23,11:00:00,17.40,52.78
2020-08-23,11:30:00,17.45,52.62
2020-08-23,12:00:00,17.52,52.49
2020-08-23,12:30:00,17.63,52.20
2020-08-23,13:00:00,18.40,49.76
2020-08-23,13:30:00,18.67,50.27
2020-08-23,14:00:00,18.86,44.68
2020-08-23,14:30:00,19.16,42.24
2020-08-23,15:00:00,19.73,39.76
2020-08-23,15:30:00,20.21,41.37
2020-08-23,16:00:00,20.71,41.90
2020-08-23,16:30:00,21.01,41.78
2020-08-23,17:00:00,21.07,42.06
2020-08-23,17:30:00,20.25,44.09
2020-08-23,18:00:00,20.11,44.50
2020-08-23,18:30:00,19.71,45.80
2020-08-23,19:00:00,19.26,52.07
2020-08-23,19:30:00,19.67,50.39
2020-08-23,20:00:00,19.60,50.44
2020-08-23,20:30:00,19.85,51.56
2020-08-23,21:00:00,19.75,50.76
2020-08-23,21:30:00,19.72,50.80
2020-08-23,22:00:00,19.61,51.04
2020-08-23,22:30:00,19.52,51.28
2020-08-23,23:00:00,19.20,51.91
2020-08-23,23:30:00,19.08,52.24
2020-08-24,00:00:00,19.02,52.40
2020-08-24,00:30:00,18.97,52.50
2020-08-24,01:00:00,18.78,53.24
2020-08-24,01:30:00,18.83,53.00
2020-08-24,02:00:00,18.73,53.42
2020-08-24,02:30:00,18.68,53.43
2020-08-24,03:00:00,18.58,53.70
2020-08-24,03:30:00,18.57,53.56
2020-08-24,04:00:00,18.52,53.80
2020-08-24,04:30:00,18.47,53.88
2020-08-24,05:00:00,18.36,54.01
2020-08-24,05:30:00,18.30,53.97
2020-08-24,06:00:00,18.26,53.91
2020-08-24,06:30:00,18.21,53.84
2020-08-24,07:00:00,18.15,53.72
2020-08-24,07:30:00,18.12,53.72
2020-08-24,08:00:00,18.08,53.56
2020-08-24,08:30:00,18.04,53.27
2020-08-24,09:00:00,18.29,52.69
2020-08-24,09:30:00,18.44,52.12
2020-08-24,10:00:00,18.49,51.46
2020-08-24,10:30:00,18.63,50.59
2020-08-24,11:00:00,18.69,50.21
2020-08-24,11:30:00,18.83,50.69
2020-08-24,12:00:00,19.10,45.51
2020-08-24,12:30:00,19.36,44.62
2020-08-24,13:00:00,19.56,40.57
2020-08-24,13:30:00,19.81,34.47
2020-08-24,14:00:00,19.86,34.15
2020-08-24,14:30:00,20.20,32.10
2020-08-24,15:00:00,20.55,31.98
2020-08-24,15:30:00,21.14,34.30
2020-08-24,16:00:00,21.62,37.39
2020-08-24,16:30:00,22.02,37.87
2020-08-24,17:00:00,21.88,39.30
2020-08-24,17:30:00,21.09,42.18
2020-08-24,18:00:00,21.08,43.19
2020-08-24,18:30:00,21.22,49.94
2020-08-24,19:00:00,21.06,49.93
2020-08-24,19:30:00,20.77,50.18
2020-08-24,20:00:00,20.46,51.10
2020-08-24,20:30:00,20.33,50.58
2020-08-24,21:00:00,20.15,51.71
2020-08-24,21:30:00,20.59,50.36
2020-08-24,22:00:00,20.60,50.58
2020-08-24,22:30:00,20.30,50.93
2020-08-24,23:00:00,20.10,50.98
2020-08-24,23:30:00,19.95,50.85
2020-08-25,00:00:00,19.77,50.55
2020-08-25,00:30:00,19.70,50.61
2020-08-25,01:00:00,19.52,50.79
2020-08-25,01:30:00,19.40,51.08
2020-08-25,02:00:00,19.35,51.05
2020-08-25,02:30:00,19.25,51.21
2020-08-25,03:00:00,19.17,51.06
2020-08-25,03:30:00,19.01,51.12
2020-08-25,04:00:00,19.10,50.79
2020-08-25,04:30:00,19.00,50.64
2020-08-25,05:00:00,18.83,50.89
2020-08-25,05:30:00,18.81,50.88
2020-08-25,06:00:00,18.66,51.02
2020-08-25,06:30:00,18.64,50.98
2020-08-25,07:00:00,18.52,51.04
2020-08-25,07:30:00,18.43,51.18
2020-08-25,08:00:00,18.46,51.36
2020-08-25,08:30:00,18.49,51.67
2020-08-25,09:00:00,18.64,51.23
2020-08-25,09:30:00,18.67,51.43
2020-08-25,10:00:00,19.07,53.33
2020-08-25,10:30:00,19.41,64.54
2020-08-25,11:00:00,19.60,65.83
2020-08-25,11:30:00,19.72,64.03
2020-08-25,12:00:00,19.39,56.52
2020-08-25,12:30:00,19.42,53.72
2020-08-25,13:00:00,19.53,51.04
2020-08-25,13:30:00,19.54,48.70
2020-08-25,14:00:00,19.67,48.37
2020-08-25,14:30:00,19.84,48.26
2020-08-25,15:00:00,20.13,48.54
2020-08-25,15:30:00,20.63,47.42
2020-08-25,16:00:00,21.28,46.35
2020-08-25,16:30:00,21.60,46.02
2020-08-25,17:00:00,21.68,46.33
2020-08-25,17:30:00,20.99,47.88
2020-08-25,18:00:00,20.91,47.82
2020-08-25,18:30:00,20.90,48.60
2020-08-25,19:00:00,20.93,49.45
2020-08-25,19:30:00,20.92,49.67
2020-08-25,20:00:00,21.02,50.34
2020-08-25,20:30:00,20.93,50.40
2020-08-25,21:00:00,20.65,50.56
2020-08-25,21:30:00,20.60,50.18
2020-08-25,22:00:00,20.51,49.99
2020-08-25,22:30:00,20.30,49.63
2020-08-25,23:00:00,20.27,49.39
2020-08-25,23:30:00,20.10,49.00
2020-08-26,00:00:00,20.06,48.88
2020-08-26,00:30:00,19.94,48.71
2020-08-26,01:00:00,19.89,49.03
2020-08-26,01:30:00,19.75,49.37
2020-08-26,02:00:00,19.47,49.92
2020-08-26,02:30:00,19.39,49.80
2020-08-26,03:00:00,19.31,49.52
2020-08-26,03:30:00,19.22,49.59
2020-08-26,04:00:00,19.13,49.63
2020-08-26,04:30:00,19.02,49.66
2020-08-26,05:00:00,19.05,49.61
2020-08-26,05:30:00,18.99,49.79
2020-08-26,06:00:00,18.97,49.73
2020-08-26,06:30:00,18.84,49.73
2020-08-26,07:00:00,18.64,49.99
2020-08-26,07:30:00,18.61,49.53
2020-08-26,08:00:00,18.51,49.68
2020-08-26,08:30:00,18.53,48.90
2020-08-26,09:00:00,18.42,48.22
2020-08-26,09:30:00,18.55,47.05
2020-08-26,10:00:00,18.80,47.25
2020-08-26,10:30:00,18.99,46.35
2020-08-26,11:00:00,19.29,49.41
2020-08-26,11:30:00,19.42,47.13
2020-08-26,12:00:00,19.58,44.59
2020-08-26,12:30:00,19.84,41.65
2020-08-26,13:00:00,19.94,41.18
2020-08-26,13:30:00,20.04,41.13
2020-08-26,14:00:00,20.28,40.41
2020-08-26,14:30:00,20.44,35.38
2020-08-26,15:00:00,20.69,35.08
2020-08-26,15:30:00,21.25,33.57
2020-08-26,16:00:00,21.94,31.40
2020-08-26,16:30:00,22.49,28.07
2020-08-26,17:00:00,22.69,27.62
2020-08-26,17:30:00,21.97,31.44
2020-08-26,18:00:00,21.90,32.94
2020-08-26,18:30:00,21.69,34.12
2020-08-26,19:00:00,21.64,37.04
2020-08-26,19:30:00,21.65,38.36
2020-08-26,20:00:00,21.59,39.30
2020-08-26,20:30:00,21.55,40.13
2020-08-26,21:00:00,21.48,41.26
2020-08-26,21:30:00,21.40,43.77
2020-08-26,22:00:00,21.32,46.12
2020-08-26,22:30:00,21.13,48.56
2020-08-26,23:00:00,21.04,49.52
2020-08-26,23:30:00,21.00,49.47
2020-08-27,00:00:00,20.86,50.18
2020-08-27,00:30:00,20.83,50.95
2020-08-27,01:00:00,20.78,51.00
2020-08-27,01:30:00,20.68,51.33
2020-08-27,02:00:00,20.71,50.53
2020-08-27,02:30:00,20.62,51.21
2020-08-27,03:00:00,20.51,51.29
2020-08-27,03:30:00,20.51,50.94
2020-08-27,04:00:00,20.46,50.65
2020-08-27,04:30:00,20.45,50.54
2020-08-27,05:00:00,20.40,50.58
2020-08-27,05:30:00,20.37,50.37
2020-08-27,06:00:00,20.31,50.34
2020-08-27,06:30:00,20.22,50.37
2020-08-27,07:00:00,20.19,50.34
2020-08-27,07:30:00,20.16,50.37
2020-08-27,08:00:00,20.20,50.37
2020-08-27,08:30:00,20.19,50.27
2020-08-27,09:00:00,20.24,50.09
2020-08-27,09:30:00,20.28,50.82
2020-08-27,10:00:00,20.27,50.25
2020-08-27,10:30:00,20.58,49.85
2020-08-27,11:00:00,20.70,48.73
2020-08-27,11:30:00,20.89,47.75
2020-08-27,12:00:00,21.16,45.84
2020-08-27,12:30:00,21.38,44.64
2020-08-27,13:00:00,21.66,43.00
2020-08-27,13:30:00,21.85,43.02
2020-08-27,14:00:00,22.12,42.50
2020-08-27,14:30:00,22.52,41.29
2020-08-27,15:00:00,22.85,40.60
2020-08-27,15:30:00,23.60,39.33
2020-08-27,16:00:00,24.26,37.24
2020-08-27,16:30:00,24.77,36.04
2020-08-27,17:00:00,24.72,36.95
2020-08-27,17:30:00,24.31,38.06
2020-08-27,18:00:00,24.13,40.50
2020-08-27,18:30:00,24.04,42.65
2020-08-27,19:00:00,23.69,42.90
2020-08-27,19:30:00,23.56,43.06
2020-08-27,20:00:00,23.53,44.37
2020-08-27,20:30:00,23.51,45.40
2020-08-27,21:00:00,23.51,46.61
2020-08-27,21:30:00,23.23,47.41
2020-08-27,22:00:00,23.16,47.73
2020-08-27,22:30:00,23.14,47.66
2020-08-27,23:00:00,22.85,48.07
2020-08-27,23:30:00,22.62,47.95
2020-08-28,00:00:00,22.44,48.44
2020-08-28,00:30:00,22.54,48.47
2020-08-28,01:00:00,22.23,49.60
2020-08-28,01:30:00,22.23,49.72
2020-08-28,02:00:00,22.02,50.48
2020-08-28,02:30:00,21.99,50.73
2020-08-28,03:00:00,21.80,51.24
2020-08-28,03:30:00,21.76,50.91
2020-08-28,04:00:00,21.66,50.76
2020-08-28,04:30:00,21.61,50.48
2020-08-28,05:00:00,21.42,50.92
2020-08-28,05:30:00,21.45,50.46
2020-08-28,06:00:00,21.43,50.71
2020-08-28,06:30:00,21.28,51.32
2020-08-28,07:00:00,21.28,51.39
2020-08-28,07:30:00,21.22,51.98
2020-08-28,08:00:00,21.34,51.49
2020-08-28,08:30:00,21.45,51.79
2020-08-28,09:00:00,21.57,52.27
2020-08-28,09:30:00,21.87,51.06
2020-08-28,10:00:00,22.22,50.32
2020-08-28,10:30:00,22.43,50.72
2020-08-28,11:00:00,22.79,50.51
2020-08-28,11:30:00,22.88,50.01
2020-08-28,12:00:00,23.28,47.14
2020-08-28,12:30:00,23.59,45.35
2020-08-28,13:00:00,23.85,44.80
2020-08-28,13:30:00,23.98,42.04
2020-08-28,14:00:00,24.35,41.79
2020-08-28,14:30:00,24.91,38.64
2020-08-28,15:00:00,25.42,42.15
2020-08-28,15:30:00,25.64,38.44
2020-08-28,16:00:00,26.19,37.31
2020-08-28,16:30:00,26.39,37.02
2020-08-28,17:00:00,26.15,38.45
2020-08-28,17:30:00,26.09,39.85
2020-08-28,18:00:00,25.69,42.71
2020-08-28,18:30:00,25.56,42.74
2020-08-28,19:00:00,25.48,42.92
2020-08-28,19:30:00,25.28,43.29
2020-08-28,20:00:00,25.25,44.11
2020-08-28,20:30:00,25.03,44.35
2020-08-28,21:00:00,24.95,44.45
2020-08-28,21:30:00,24.97,46.58
2020-08-28,22:00:00,24.75,46.57
2020-08-28,22:30:00,24.72,47.44
2020-08-28,23:00:00,24.62,47.44
2020-08-28,23:30:00,24.34,47.96
2020-08-29,00:00:00,24.26,48.20
2020-08-29,00:30:00,24.12,48.69
2020-08-29,01:00:00,23.98,48.89
2020-08-29,01:30:00,23.96,48.32
2020-08-29,02:00:00,23.87,47.96
2020-08-29,02:30:00,23.75,47.88
2020-08-29,03:00:00,23.62,47.23
2020-08-29,03:30:00,23.49,46.76
2020-08-29,04:00:00,23.41,46.73
2020-08-29,04:30:00,23.12,47.22
2020-08-29,05:00:00,23.12,47.35
2020-08-29,05:30:00,23.00,47.99
2020-08-29,06:00:00,22.88,48.35
2020-08-29,06:30:00,22.52,49.18
2020-08-29,07:00:00,22.57,49.23
2020-08-29,07:30:00,22.80,48.89
2020-08-29,08:00:00,23.01,48.87
2020-08-29,08:30:00,22.91,50.02
2020-08-29,09:00:00,23.24,49.73
2020-08-29,09:30:00,24.02,52.86
2020-08-29,10:00:00,24.30,50.87
2020-08-29,10:30:00,24.49,49.02
2020-08-29,11:00:00,24.63,45.90
2020-08-29,11:30:00,24.45,45.73
2020-08-29,12:00:00,24.64,44.01
2020-08-29,12:30:00,24.87,42.80
2020-08-29,13:00:00,24.87,42.75
2020-08-29,13:30:00,25.14,40.91
2020-08-29,14:00:00,25.17,40.75
2020-08-29,14:30:00,25.71,38.67
2020-08-29,15:00:00,26.06,37.09
2020-08-29,15:30:00,26.27,36.95
2020-08-29,16:00:00,26.64,36.29
2020-08-29,16:30:00,26.99,35.60
2020-08-29,17:00:00,26.90,36.30
2020-08-29,17:30:00,26.50,37.63
2020-08-29,18:00:00,26.31,39.46
2020-08-29,18:30:00,26.23,40.63
2020-08-29,19:00:00,26.15,41.36
2020-08-29,19:30:00,26.06,41.65
2020-08-29,20:00:00,26.16,41.98
2020-08-29,20:30:00,26.15,42.15
2020-08-29,21:00:00,25.92,43.36
2020-08-29,21:30:00,25.97,43.11
2020-08-29,22:00:00,25.60,43.36
2020-08-29,22:30:00,25.71,40.37
2020-08-29,23:00:00,25.61,40.25
2020-08-29,23:30:00,25.51,40.42
2020-08-30,00:00:00,25.18,42.23
2020-08-30,00:30:00,25.10,43.37
2020-08-30,01:00:00,24.98,44.19
2020-08-30,01:30:00,24.94,44.20
2020-08-30,02:00:00,24.84,43.81
2020-08-30,02:30:00,24.68,43.44
2020-08-30,03:00:00,24.53,43.19
2020-08-30,03:30:00,24.47,44.19
2020-08-30,04:00:00,24.38,44.67
2020-08-30,04:30:00,24.20,44.98
2020-08-30,05:00:00,24.19,44.50
2020-08-30,05:30:00,23.99,44.33
2020-08-30,06:00:00,23.92,44.45
2020-08-30,06:30:00,23.84,44.90
2020-08-30,07:00:00,23.71,45.74
2020-08-30,07:30:00,23.73,45.27
2020-08-30,08:00:00,23.68,43.65
2020-08-30,08:30:00,23.96,43.13
2020-08-30,09:00:00,24.20,42.65
2020-08-30,09:30:00,24.50,41.72
2020-08-30,10:00:00,24.65,41.98
2020-08-30,10:30:00,25.22,48.44
2020-08-30,11:00:00,25.24,46.23
2020-08-30,11:30:00,25.30,42.18
2020-08-30,12:00:00,25.53,39.58
2020-08-30,12:30:00,25.64,38.56
2020-08-30,13:00:00,25.94,36.56
2020-08-30,13:30:00,26.25,35.77
2020-08-30,14:00:00,26.30,34.76
2020-08-30,14:30:00,26.54,34.82
2020-08-30,15:00:00,26.81,34.32
2020-08-30,15:30:00,27.35,33.51
2020-08-30,16:00:00,27.79,32.00
2020-08-30,16:30:00,28.03,32.05
2020-08-30,17:00:00,27.97,32.83
2020-08-30,17:30:00,27.54,35.05
2020-08-30,18:00:00,27.44,35.84
2020-08-30,18:30:00,27.32,36.20
2020-08-30,19:00:00,27.22,37.00
2020-08-30,19:30:00,27.15,37.91
2020-08-30,20:00:00,27.06,38.00
2020-08-30,20:30:00,26.98,38.39
2020-08-30,21:00:00,26.96,38.56
2020-08-30,21:30:00,26.86,38.33
2020-08-30,22:00:00,26.64,39.28
2020-08-30,22:30:00,26.55,40.09
2020-08-30,23:00:00,26.40,40.91
2020-08-30,23:30:00,26.32,41.22
2020-08-31,00:00:00,26.21,40.52
2020-08-31,00:30:00,26.09,43.77
2020-08-31,01:00:00,26.04,46.17
2020-08-31,01:30:00,25.72,49.47
2020-08-31,02:00:00,25.66,49.05
2020-08-31,02:30:00,25.47,50.62
2020-08-31,03:00:00,25.30,51.05
2020-08-31,03:30:00,25.07,51.43
2020-08-31,04:00:00,24.93,51.68
2020-08-31,04:30:00,24.79,51.74
2020-08-31,05:00:00,24.53,51.89
2020-08-31,05:30:00,24.21,52.43
2020-08-31,06:00:00,24.19,52.12
2020-08-31,06:30:00,23.97,52.85
2020-08-31,07:00:00,23.89,53.62
2020-08-31,07:30:00,23.89,54.01
2020-08-31,08:00:00,23.86,54.26
2020-08-31,08:30:00,24.08,53.70
2020-08-31,09:00:00,24.23,53.56
2020-08-31,09:30:00,24.36,53.10
2020-08-31,10:00:00,24.59,52.32
2020-08-31,10:30:00,24.80,51.63
2020-08-31,11:00:00,25.34,50.38
2020-08-31,11:30:00,25.54,49.86
2020-08-31,12:00:00,25.81,48.72
2020-08-31,12:30:00,26.06,49.82
2020-08-31,13:00:00,26.31,46.93
2020-08-31,13:30:00,26.68,46.32
2020-08-31,14:00:00,26.81,44.07
2020-08-31,14:30:00,26.98,45.35
2020-08-31,15:00:00,27.46,44.77
2020-08-31,15:30:00,28.06,43.69
2020-08-31,16:00:00,28.30,42.65
2020-08-31,16:30:00,28.35,43.41
2020-08-31,17:00:00,28.34,44.54
2020-08-31,17:30:00,27.79,46.81
2020-08-31,18:00:00,27.47,48.68
2020-08-31,18:30:00,27.17,49.66
2020-08-31,19:00:00,27.13,49.98
2020-08-31,19:30:00,26.85,50.13
2020-08-31,20:00:00,26.64,50.79
2020-08-31,20:30:00,26.47,52.26
2020-08-31,21:00:00,26.46,53.01
2020-08-31,21:30:00,26.32,52.53
2020-08-31,22:00:00,26.19,52.15
2020-08-31,22:30:00,25.96,51.82
2020-08-31,23:00:00,25.73,52.22
2020-08-31,23:30:00,25.56,52.72
2020-09-01,00:00:00,25.47,52.95
2020-09-01,00:30:00,25.42,53.10
2020-09-01,01:00:00,25.34,53.45
2020-09-01,01:30:00,25.23,53.39
2020-09-01,02:00:00,25.28,52.96
2020-09-01,02:30:00,25.07,53.37
2020-09-01,03:00:00,25.02,53.27
2020-09-01,03:30:00,25.00,53.26
2020-09-01,04:00:00,24.95,53.10
2020-09-01,04:30:00,24.90,52.75
2020-09-01,05:00:00,24.76,52.64
2020-09-01,05:30:00,24.64,52.62
2020-09-01,06:00:00,24.53,52.65
2020-09-01,06:30:00,24.43,52.94
2020-09-01,07:00:00,24.40,53.15
2020-09-01,07:30:00,24.36,53.09
2020-09-01,08:00:00,24.42,52.66
2020-09-01,08:30:00,24.42,52.38
2020-09-01,09:00:00,24.47,52.22
2020-09-01,09:30:00,24.54,52.18
2020-09-01,10:00:00,24.62,52.06
2020-09-01,10:30:00,24.72,51.91
2020-09-01,11:00:00,24.83,51.65
2020-09-01,11:30:00,24.98,51.03
2020-09-01,12:00:00,25.22,49.54
2020-09-01,12:30:00,25.35,49.34
2020-09-01,13:00:00,25.56,47.83
2020-09-01,13:30:00,25.69,48.30
2020-09-01,14:00:00,25.86,47.84
2020-09-01,14:30:00,26.17,46.69
2020-09-01,15:00:00,26.37,46.44
2020-09-01,15:30:00,26.73,46.68
2020-09-01,16:00:00,27.15,45.73
2020-09-01,16:30:00,27.23,47.11
2020-09-01,17:00:00,27.28,52.01
2020-09-01,17:30:00,26.85,51.10
2020-09-01,18:00:00,26.57,51.25
2020-09-01,18:30:00,26.37,51.42
2020-09-01,19:00:00,26.09,51.79
2020-09-01,19:30:00,25.94,51.16
2020-09-01,20:00:00,25.83,51.26
2020-09-01,20:30:00,25.56,51.17
2020-09-01,21:00:00,25.48,51.06
2020-09-01,21:30:00,25.25,51.52
2020-09-01,22:00:00,25.09,51.58
2020-09-01,22:30:00,25.19,50.99
2020-09-01,23:00:00,25.08,51.05
2020-09-01,23:30:00,24.99,51.40
2020-09-02,00:00:00,24.73,52.39
2020-09-02,00:30:00,24.55,53.08
2020-09-02,01:00:00,24.56,52.98
2020-09-02,01:30:00,24.50,53.11
2020-09-02,02:00:00,24.46,53.24
2020-09-02,02:30:00,24.39,53.31
2020-09-02,03:00:00,24.29,53.48
2020-09-02,03:30:00,24.15,53.72
2020-09-02,04:00:00,24.09,53.81
2020-09-02,04:30:00,23.97,54.14
2020-09-02,05:00:00,23.88,54.23
2020-09-02,05:30:00,23.81,55.13
2020-09-02,06:00:00,23.72,54.59
2020-09-02,06:30:00,23.66,54.59
2020-09-02,07:00:00,23.58,54.91
2020-09-02,07:30:00,23.56,55.01
2020-09-02,08:00:00,23.57,54.79
2020-09-02,08:30:00,23.58,54.51
2020-09-02,09:00:00,23.60,54.99
2020-09-02,09:30:00,23.77,53.90
2020-09-02,10:00:00,23.98,53.27
2020-09-02,10:30:00,24.24,52.14
2020-09-02,11:00:00,24.46,53.51
2020-09-02,11:30:00,24.85,51.59
2020-09-02,12:00:00,25.19,53.73
2020-09-02,12:30:00,25.69,54.75
2020-09-02,13:00:00,25.73,48.48
2020-09-02,13:30:00,25.88,46.42
2020-09-02,14:00:00,26.13,46.67
2020-09-02,14:30:00,26.21,43.65
2020-09-02,15:00:00,26.41,44.03
2020-09-02,15:30:00,26.48,43.02
2020-09-02,16:00:00,26.60,43.31
2020-09-02,16:30:00,27.20,42.95
2020-09-02,17:00:00,27.06,42.60
2020-09-02,17:30:00,26.61,44.18
2020-09-02,18:00:00,26.27,43.93
2020-09-02,18:30:00,26.23,50.65
2020-09-02,19:00:00,26.26,47.90
2020-09-02,19:30:00,26.17,45.28
2020-09-02,20:00:00,26.11,45.03
2020-09-02,20:30:00,26.06,46.31
2020-09-02,21:00:00,25.94,48.82
2020-09-02,21:30:00,25.77,50.23
2020-09-02,22:00:00,25.66,52.59
2020-09-02,22:30:00,25.58,52.94
2020-09-02,23:00:00,25.56,52.96
2020-09-02,23:30:00,25.42,52.91
2020-09-03,00:00:00,25.34,53.10
2020-09-03,00:30:00,25.28,53.19
2020-09-03,01:00:00,25.16,53.53
2020-09-03,01:30:00,25.15,53.23
2020-09-03,02:00:00,25.04,52.69
2020-09-03,02:30:00,24.99,52.43
2020-09-03,03:00:00,24.90,51.08
2020-09-03,03:30:00,24.76,51.17
2020-09-03,04:00:00,24.59,51.57
2020-09-03,04:30:00,24.99,52.01
2020-09-03,05:00:00,25.10,51.60
2020-09-03,05:30:00,25.05,51.53
2020-09-03,06:00:00,25.03,51.11
2020-09-03,06:30:00,24.97,51.06
2020-09-03,07:00:00,24.97,50.67
2020-09-03,07:30:00,24.93,50.29
2020-09-03,08:00:00,24.98,49.92
2020-09-03,08:30:00,24.98,49.36
2020-09-03,09:00:00,24.94,49.15
2020-09-03,09:30:00,24.97,48.57
2020-09-03,10:00:00,25.15,46.88
2020-09-03,10:30:00,25.24,45.03
2020-09-03,11:00:00,25.31,41.13
2020-09-03,11:30:00,25.48,40.71
2020-09-03,12:00:00,25.62,39.46
2020-09-03,12:30:00,25.88,39.66
2020-09-03,13:00:00,26.25,38.00
2020-09-03,13:30:00,26.34,35.66
2020-09-03,14:00:00,26.52,35.39
2020-09-03,14:30:00,26.69,33.81
2020-09-03,15:00:00,26.92,33.31
2020-09-03,15:30:00,26.84,36.02
2020-09-03,16:00:00,27.00,35.93
2020-09-03,16:30:00,27.21,34.82
2020-09-03,17:00:00,27.39,35.12
2020-09-03,17:30:00,27.34,35.53
2020-09-03,18:00:00,27.29,36.11
2020-09-03,18:30:00,27.30,36.97
2020-09-03,19:00:00,27.28,39.01
2020-09-03,19:30:00,27.29,39.69
2020-09-03,20:00:00,27.23,39.93
2020-09-03,20:30:00,27.31,39.33
2020-09-03,21:00:00,27.20,38.78
2020-09-03,21:30:00,27.10,39.89
